"代號","名稱","成交","PER","累月營收年增(%)","累季獲利最新季度","最新累季每股盈餘(元)","最新年度每股盈餘(元)","2024年度每股盈餘(元)","2023年度每股盈餘(元)","成交價現金殖利率","2015年度淨利增減(%)","最新季度負債總額佔比(%)","2025年度ROE(%)","2024年度ROE(%)","2023年度ROE(%)","主要業務"
"1108","幸福","13.7","6.78","-18.6","26Q1","0.17","2.18","1.22","1.3","7.3","+23.9","47.6","16.1","9.63","10.6","有關水泥及水泥製品之工業及相關事業"
"1210","大成","57.6","13.7","+5.26","26Q1","0.94","4.33","4.21","4.81","5.21","-49.1","55.3","12.3","13.3","15.8","飼料大宗油脂肉品"
"1215","卜蜂","110.5","11.9","+3.9","26Q1","1.26","10.39","6.55","7.7","6.33","-12.2","66.1","25.6","17.8","22.9","各種飼料生產加工配製銷售進口及買賣各種禽畜育種、電動屠宰業務及各種禽畜加工品製品銷售各種肉類加工品與調理食品及蛋品生產銷售等業務"
"1240","茂生農經","58","12.4","+3.33","26Q1","0.89","4.86","4.34","4.12","5.17","","28.9","13.6","11.4","9.95","家禽(雞鴨鵝)家畜(豬)各項飼料及其原料之製造加工買賣倉庫租金收入,豬隻合作飼養肉豬銷售,有色雞合作飼養銷售蛋品銷售"
"1264","德麥","271","13","+5.93","26Q1","5.5","20.47","20.55","18.24","5.54","+24.8","31.6","20.1","21.9","20.6","專業進口烘焙原料銷售各式烘焙食品、乳製品、各式包裝材料及器具之銷售烘焙原料之預拌粉加工製造"
"1293","利統","27.7","12.5","+10.7","25Q4","2.21","2.21","2.16","1.68","5.42","","49","14.8","15.6","13.2","保健食品(含原料)研發及銷售植物用保鮮劑(乙烯阻斷劑) 研發及銷售動物、植物促長調節劑研發及銷售"
"1295","生合","47.95","10.9","-12.2","26Q1","0.39","5.29","5.43","3.68","6.26","","62","14.6","16.8","12.3","乳酸菌菌粉發酵劑/液飲品"
"1307","三芳","35","12.8","+3.71","26Q1","0.97","2.85","3.72","1.91","6.29","+13.6","45.9","11.1","15.4","8.73","聚氨基甲酸加工品之製銷事項不織布起毛布加工品製銷染整事項聚氯乙烯加工之製銷事項塑膠加工品生產技術研究改良事項各種皮革加工之製銷事項有關事業之投資經營事項"
"1319","東陽","75.4","13.5","-17","26Q1","1.62","6.43","7.4","5.1","6.63","+86.3","22.4","13.7","16.5","12.1","汽機車零件製造買賣各項模具製造買賣"
"1472","三洋實業","87.6","13.6","+4.5","26Q1","1.78","6.4","3.31","4.27","6.85","+42.7","55.6","15.5","8.96","12.9","營建工程營建工程"
"1475","業旺","27.4","10.7","-6.59","26Q1","0.88","2.72","7.22","7.9","5.47","+326","32.4","11.4","33.2","24.5","提花布銷售、紡織產品使用之染料及助劑銷售"
"1535","中宇","49.95","12.8","-22.2","26Q1","0.77","4","4.06","4.5","6.01","-25.3","44.2","13.1","13.6","15.5","環保工程機電工程代營運及機電維護"
"1580","新麥","123","9.77","-4.39","26Q1","2.73","12.54","13.59","12.01","6.91","-10.9","31.1","19.8","23.1","22.4","食品機器設備製造及買賣"
"1608","華榮","33.8","6.16","+16.3","26Q1","0.37","5.5","1.55","2.23","5.92","-1984","35.3","24.5","9.26","11.2","各種電線電纜及銅製品等之加工,製造,銷售及施工等各種電力,通信工程設計,施工維護及技術服務等各種電氣器具,電力及通信器材,通信用戶迴路配線器材等之製造買賣"
"1615","大山","44.5","9.39","-3.2","26Q1","0.94","4.81","3.96","3.21","5.62","-81","23","23.6","22.7","19","各項電線電纜之配件、絕緣材料、銅線之製造、加工及銷售。前各項有關機械及其配件之製造、加工及銷售。E601011電器承裝業。"
"1618","合機","40.75","8.96","-7.77","26Q1","1.57","4.21","3.71","2.01","4.17","+896","22.5","12.8","12.9","8.27","電線電纜、金屬之製造、加工、銷售電機、電氣器材及絕緣體材料之製造、加工、銷售前項各業務之進出口貿易、代理及經銷"
"1707","葡萄王","90.7","11.3","-1.66","26Q1","1.18","8.22","9.78","9.81","6.62","+11.6","23.5","15.6","18.5","18.8","藥品製劑、成藥及原料、醫療器材等之製造與買賣。雜項食品製造、冬蟲夏草食品之類似藥品劑型食品。飲料製造業、菌種業、生物技術服務業等。"
"1713","國化","49.3","11","+9.84","26Q1","1.36","3.87","10.31","2.32","6.29","-24.3","4","14.3","43.3","12.9","基本化學工業、化學原料批發(零售)業化妝品製(批)業、國際貿易業除許可業務外、得經營法令非限制或禁止之業務."
"1720","生達","63.3","11.7","+0.18","26Q1","1.3","5.19","4.93","4.67","3.16","-7.04","25","13.7","15.1","14.9","人用藥品健康食品"
"1730","花仙子","53.3","11.5","+0.69","26Q1","1.48","4.5","3.95","3.65","5.63","+27.5","19.1","14.8","13.9","13.4","家庭日用化學品工業類玻璃陶瓷餐具"
"1777","生泰","71.5","12.3","-10.4","26Q1","1.61","5.87","8.82","5.63","5.59","+22.1","17.9","10.2","16.1","11.1","西藥、動物用藥、化妝品及食品添加物之製造加工及販賣業務"
"1783","和康生","38.85","12.8","+6.07","26Q1","0.59","2.96","2.13","1.86","5.15","-231","18.3","18.2","13.9","12.5","生物高分子材料應用於生物醫材及醫美保養品的研發、製造及銷售"
"1817","凱撒衛","38.6","9.19","+0.44","26Q1","1.21","3.61","4.37","3.27","5.7","+26.9","18.9","11.5","14.8","11.7","各種衛浴設備、周邊製品之銷售"
"2006","東和鋼鐵","69","10.4","-3.35","26Q1","1.66","6.47","6.13","6.48","6.23","+20","37.4","14.2","14.2","15.8","鋼筋、扁鐵、角鐵、盤元、其他鋼鐵製品之製造加工銷售型鋼及合金鋼、工具鋼、高碳鋼、其他特殊鋼之製造加工銷售輪船解體、舊船買賣.....等"
"2013","中鋼構","44","13.7","-9.36","26Q1","0.66","3.19","2.7","2.68","5.45","-32.6","63.1","11.5","9.97","10.1","各類型鋼.鋼構架.機械體及水工機械之設計.製造.安裝及技術服務。金屬製品及加工用化學品之生產.進出口及買賣業務。各類環保工程(包含焚化爐、污染防治設備)之設計.製造.安裝。"
"2020","美亞","21.45","11.1","-5.48","26Q1","0.4","2.13","3.09","4.8","8.39","-255","54.5","12.5","19.1","29.4","鋼管(板)製造及銷售"
"2031","新光鋼","38.3","8.38","-4.24","26Q1","0.22","3.3","4.5","5.15","6.53","-274","60.9","8.87","12.1","15.6","各種鋼鐵整平裁剪加工買賣各種鋼構構件製作加工買賣各種鋼鐵代理報價買賣"
"2072","世紀風電","147","10.1","+56.2","26Q1","5.26","11.94","10.62","6.67","4.82","","23.9","10.6","11","11.9","離岸風電水下基礎製造、供應及專案管理"
"2109","華豐","14.7","12.1","-3.43","26Q1","0.41","1.16","1.61","1.51","3.4","-86.8","42","7.9","12","10.8","橡膠.塑膠製品之製造.加工及內外銷.有關上項之進出口業務.經營上項附帶業務."
"2204","中華","56.4","10.3","+10.8","26Q1","1.18","5.47","7.34","10.36","6.38","+23.8","24.9","7.71","10.5","15.7","汽車及相關零組件等之製造、銷售"
"2206","三陽工業","62","11","-3.55","26Q1","1.37","5.78","6.02","7.95","4.84","+1211","55.1","13.9","19","29.2","生產汽車、機車及其零件、引擎、模治具內外銷提供有關產品之技術服務及其諮詢顧問業務"
"2211","長榮鋼","95.5","11.7","-5.76","26Q1","1.07","8.6","6.12","8.8","6.81","","20.9","13","9.74","16.4","鋼結構製造貨櫃修理除許可業務外，得經營法令非禁止或限制之業務"
"2245","詠勝昌*","27.5","10.3","-4.44","25Q4","2.66","2.66","7.4","5.21","3.64","","37.7","15.2","19.8","15.6","汽車及其零件製造(限汽車零件),機車及其零件製造,汽機車零件配備批發業,模具製造業,模具批發業,電線及電纜製造業,電子零組件製造業,...等等"
"2248","華勝-KY","56.7","9.58","+36.2","26Q1","1.87","5.32","6.42","3.29","5.48","","44","17.1","24.5","15","汽車零件製造及銷售"
"2316","楠梓電","214","13.8","+31.5","26Q1","3.53","13.38","4.28","4.61","0.93","+1198","31.4","21.6","8.27","9.87","各類印刷電路板之製造,加工,組裝,銷售及服務."
"2357","華碩","667","11.9","+34.5","26Q1","13.19","59.99","42.27","21.44","6.3","-12.2","52.8","16.2","12.3","7.36","3C 資訊產品(含電腦系統產品、主機板及各類板卡及智慧型手機等手持裝置等)之設計、研發及銷售"
"2385","群光","105.5","11.9","-5.22","26Q1","2","9.05","12.43","10.35","6.82","-7.83","54.8","14.4","21.3","20.3","鍵盤製造及銷售數位影像產品之製造及銷售電源供應器產品之製造及銷售"
"2433","互盛電","42.05","13.7","+1.3","26Q1","0.51","3.05","3.28","3.39","6.42","+7.77","47.7","10.9","11.1","11.1","事務機器電腦傳真機之買賣進出口修理及出租業務電子及機械零組件買賣業務有(無)線通信傳輸設備之買賣及工程承包、裝設"
"2451","創見","258","8.31","+430","26Q1","18.93","12.98","5.39","4.63","4.57","-13.7","29.6","26","11.8","10.2","電腦等數位產品之記憶體擴充卡電腦週邊產品"
"2488","漢平","54.1","11.7","+14.5","26Q1","0.92","4.56","5.24","4.39","5.55","+31.5","25.7","13.2","16.1","14.6","電器製造業.照明設備製造業.資料儲存及處理設備製造業.無線通信機械器材製造業.電子零組件製造業國際貿易業.產品設計業.資訊軟體服務業"
"2496","卓越","64.2","10","+5.1","26Q1","1.65","6.12","7.02","5.48","4.67","+69.6","40.6","12.8","15.1","12.4","短期補習班及教育諮詢服務"
"2504","國產","32.5","9.88","-6.93","26Q1","0.7","3.3","3.9","3","8","-97.7","38.5","14.3","17.2","14.5","預拌混凝土不動產買賣.出租"
"2535","達欣工","88.9","10.7","+22.8","26Q1","2.88","6.5","5.21","3.77","5.17","-37.6","67.4","16.1","13.7","12.4","集合住宅商辦大樓等建築工程總承包晶圓廠、封測廠等高科技廠房工程總承包捷運、道路等交通工程統包及總承包"
"2539","櫻花建","39.1","13.9","+17.3","26Q1","0.68","3.46","2.85","2.24","1.53","-9.23","41.7","25.6","21.7","17.6","委託營造廠商興建國民住宅及商業大樓之出租出售業務"
"2546","根基","93.8","9.85","+14.9","26Q1","1.43","9.52","7.1","8.2","5.12","-24.4","61.7","21.9","17.2","22","土木、建築、水利及整地工程之承攬。各項基礎工程之承攬。橋樑、隧道工程之承攬。"
"2548","華固","102","7.94","+30,001","26Q1","2.28","10.15","4.58","12.95","7.84","+88.6","61.2","15","6.67","17.8","委託營造廠商興建商業大樓、國民住宅及廠辦之出租及出售室內裝潢業務及建材.機械買賣及進出口貿易業務委託營造廠興建一般工業用地之廠房倉庫出租等業務"
"2603","長榮","185.5","8.1","-8.3","26Q1","3.84","31.68","64.87","16.7","8.63","-481","35.3","11.8","26.8","7.59","G301011船舶運送業、G401011船務代理業G404011貨櫃集散站經營業、CD01070商港區船舶小修業ZZ99999除許可業務外，得經營法令非禁止或限制之業務"
"2618","長榮航","43.9","8.33","+14.3","26Q1","1.53","4.84","5.37","4.01","4.56","+593","63.2","19.7","24.5","21.7","國際航線之定期及不定期航空客貨運輸業務"
"2636","台驊控股","70.2","10.3","-3.72","26Q1","1.1","7.74","9.39","10.76","7.12","+47.3","56.9","10.5","13.9","17.2","一般投資業產業控股公司業"
"2643","捷迅","61.5","11.9","-17.3","26Q1","0.68","6.3","6.11","7.53","7.32","+104","30.5","11.1","11.2","13.8","整合型物流服務"
"2707","晶華","178.5","12.8","+3.63","26Q1","5.73","11.42","10.57","11.11","6.02","+1.09","65.4","31.6","27.3","31.6","經營國際觀光旅館;附中西餐廳咖啡廳夜總會酒吧會議廳健身房三溫暖商店等;停車場經營;旅館管理;休閒育樂產業設施諮詢顧問"
"2731","雄獅","148","8.65","+12.1","26Q1","4.17","17.49","9.81","15.21","8.65","+17.3","59.3","35.1","23.1","54.6","旅行業"
"2745","五福","107","11.7","+16.5","26Q1","3.44","10.01","9.07","7.87","7.01","+82.7","62.2","37.1","40.5","57.4","提供國.內外旅客團體旅遊商品或居間勞務銷售與服務"
"2751","王座","52.9","11.4","+36","26Q1","1.01","4.57","4.55","6.83","4.72","","60.8","19.5","22.3","55.1","經營連鎖餐飲品牌"
"2752","豆府","179","11.7","+11.4","26Q1","4.08","15.04","15.66","14.78","7.54","","54.5","29.1","32.4","34.4","餐飲業"
"2753","八方雲集","181.5","13.5","+6.56","26Q1","3.56","12.84","9.05","8.35","4.13","","52.7","20.7","16.3","15.8","餐飲銷售及連鎖加盟"
"2850","新產","141","10.1","+17","26Q1","3.99","12.28","10.47","9.22","5.16","+21.2","62.4","19.4","18","17.9","財產保險"
"2851","中再保","37.4","7.22","+204","26Q1","2.3","3.66","3.14","2.61","5.88","-12.1","60.2","13.8","12.6","11.6","H501031再保險業"
"2915","潤泰全","52","5.97","-30","26Q1","2.59","9.29","13","7.19","3.65","+6.94","9.9","9.39","13.5","8.4","天然棉．纖維．紡織品之製造加工染整印花營銷及進出口貿易業務農畜水產品．雜貨．衣著．建材．家具及裝飾品之批發及零售業務委託營造商興建國民住宅．商業大樓出租．出售業務"
"2916","滿心","40.8","10.1","+3.59","26Q1","1.26","3.96","4.19","4.61","8.82","+18.8","32.3","15.8","18.1","23","各種成衣針織品製造買賣業務代理國內外廠商有關產品經銷投標報價業務前項有關之進出口貿易業務"
"2937","集雅社","47.35","12.4","+9.87","26Q1","0.62","4.06","3.86","2.81","4.44","-2.76","66.6","16.4","15.5","12.2","各種電器製品、視聽音響組合、保養維修與其器材買賣業務進出口貿易業務、代理國內外廠商之報價投標及經銷業務醫療器材批發、文教育樂用品、電器、攝影器材零售業"
"2941","米斯特","34.45","12.6","+0.77","26Q1","0.89","2.35","3.31","4.16","6.62","","46.2","9.88","16","24.2","成衣服飾、鞋類及相關週邊配件商品"
"3005","神基","102.5","12.6","+3.2","26Q1","1.74","8.43","7.26","6.17","6.62","+44.9","48.1","19.4","18.5","17.5","一般投資業產業控股公司業"
"3010","華立","127","13.6","+18.5","26Q1","2.47","8.84","8.89","8.96","4.17","-11.6","55.4","10.3","11.3","11.9","資訊通訊用材料及設備、平面顯示器材料及設備。半導體製程用材料及設備、印刷電路板用材料、設備及零組件。太陽能、風力、及風電等綠能材料、設備及發電及其他"
"3046","建碁","51.6","12.6","+13.1","26Q1","1.2","4.01","3.83","3.14","5.81","+43.8","59.6","19.5","19.8","20.4","電腦系統及零組件生活型態用品及其他"
"3078","僑威","54","10.9","-44","26Q1","0.72","6.07","5.62","6.79","7.41","+22.5","37.4","19.2","18.8","25.3","資訊用電源供應器制造買賣/工業用電源制造買賣通訊用電源制造買賣/外接式電源外接盒/機殼/投影機等產品制造買賣"
"3118","進階","31.75","13.5","-8.62","26Q1","0.53","2.46","2","1.94","6.93","+2.03","28.4","14","11.7","11.5","生物醫學相關產品代理臨床前試驗服務"
"3135","凌航","183.5","11.5","+283","26Q1","10.76","6.33","2.37","1.3","2.23","","61.7","26.9","12.3","7.11","電子零組件製造業資訊軟體服務業國際貿易業務"
"3158","嘉實","83.3","12.4","+12.5","26Q1","1.5","7.27","7.32","5.91","7.8","+35.2","26.9","23.4","31.3","27.5","資訊費收入其他"
"3171","炎洲流通","68.3","13.8","+94.7","26Q1","1.44","4.3","2.12","2.08","6.79","+44.2","57.1","19","12.4","13.2","各類包裝材料，包含電子包材、綠色環保包材及包裝機台之買賣禮贈品之設計銷售服務"
"3218","大學光","136.5","12","+0.84","26Q1","3.31","12.31","12.57","12.34","5.68","-20.2","42.2","26.6","29.6","34.5","光學眼鏡產品買賣品牌授權、眼科儀器設備引進租賃、眼科藥品耗材銷售商圈評估及展店規劃裝潢、醫療院所顧問諮詢服務"
"3260","威剛","408","7.94","+176","26Q1","30.05","23.18","9.25","5.21","4.17","-106","67.9","35.1","17.1","10.6","電子零組件製造業電子材料批發業製造輸出業"
"3303","岱稜","58.3","13.6","+10.3","26Q1","0.92","4.57","3.9","2.21","5.15","+149","44.9","18.5","17.6","10.6","真空蒸鍍薄膜之製造加工、買賣及其原材料之買賣。電子膠帶、保護膜等光電材料之製造加工買賣。前各項相關產品之進出口貿易業務。"
"3356","奇偶","61.3","6.05","+8.39","26Q1","2.21","6.21","7.2","3.2","5.71","-28","13.6","20.5","28.8","14.9","數位監控系統"
"3515","華擎","218","13.8","-1.04","26Q1","4.14","15.28","10.54","7.54","5.05","-52.4","50.1","18.6","16.4","11","個人電腦主機板個人電腦主機板之零配件"
"3570","大塚","164.5","11.9","+1.64","26Q1","4.12","13.95","12.98","11.62","5.9","-8.62","44.3","22.8","23.2","22.7","3D電腦工程繪圖CAD/CAM/CAE/CAID/PLM/M&E軟體產品代理銷售3D電腦工程繪圖軟體、VRAR傳媒娛樂軟體整合技術應用顧問軟體線上教育輔導、軟體人才培訓及電腦網路系統整合應用"
"3611","鼎翰","202","9.95","-0.63","26Q1","4.56","19.63","14.19","19.76","4.95","+14.1","56.6","17.8","12.7","18.2","條碼印表機、各式標籤紙、耗材及其零配件、企業行動電腦"
"3622","洋華","57.9","9.93","+1.65","26Q1","1.09","6.09","4.76","3.75","5.53","-45.6","14.9","12.8","11.1","9.92","觸控面板之製造與銷售高壓交連PE電力電纜附屬器材之製造與銷售"
"3633","云光","123","11.7","+9.96","25Q4","10.48","10.48","9.89","7.04","6.5","-15.4","56.6","22.3","22.9","17.9","中小尺寸背光模組"
"3679","新至陞","109","12.8","-12.8","26Q1","2.67","9.78","13.85","7.77","8.26","+16.6","49.6","12.3","18.4","10.7","精密塑膠模具之設計開發塑膠射出零組件"
"4105","東洋","76.4","11.8","+4.98","26Q1","1.78","6.27","5.83","4.54","5.89","+55.3","36.6","21.3","21.7","17.6","各種西藥動物用藥農藥環境用藥化粧品等之製造及銷售生物技術服務業各種醫療器材玻璃器具橡膠製品等製造銷售及食品什貨批發零售"
"4137","麗豐-KY","98","12.5","+5.89","26Q1","1.41","7.13","5.81","13.03","10.2","+54.4","43.2","10.9","8.84","20.4","美容產品與護理套組之研發、製造及銷售業務特許經營美容連鎖加盟店之經營與推廣業務除許可業務外，得經營法令非禁止或限制之業務"
"4305","世坤","42.55","11","-6.29","26Q1","1.13","3.83","3.97","2.91","7.29","+26.3","14.1","17.1","18.5","14.4","塑膠布製造反光片"
"4417","金洲","48.05","8.27","-9.26","26Q1","0.83","6.13","4.41","3.69","7.28","+45.9","28","15.1","11.4","9.97","各類漁網各類線索各類繩索"
"4441","振大環球","189","13.3","+14.6","26Q1","4.81","14.79","15.41","12.33","5.71","","28.2","15.6","19.7","17.4","成衣銷售成衣代工"
"4442","竣邦-KY","50.5","11.1","+14.1","26Q1","1.17","5.23","3.19","1.3","6.74","","30.5","21.1","15.8","6.67","成衣服裝機能性布料之開發、設計、生產及銷售"
"4527","方土霖","39.85","11.2","+8.84","26Q1","0.65","3.4","4.2","3.39","7.53","+3.64","47.8","13.1","17.4","16.4","冰水機組冷凝機組"
"4536","拓凱","167","12.4","-3.07","26Q1","3.61","14.92","18.86","15.58","4.79","+10.9","33.2","15.1","19.8","17.9","運動休閒產品航太醫療產品原物料及其他"
"4550","長佳","24.5","13.8","-0.83","26Q1","0.62","1.34","3.16","3.26","4.98","-35.9","40.7","5.25","12.5","13.5","機電工程承攬運動場館委辦營運管理"
"4580","捷流閥業","82.3","13.6","+4.44","26Q1","1.76","5.03","8.86","7.68","4.86","","26.6","8.78","16","15","工業閥門的研發、設計、製造及銷售"
"4581","光隆精密-KY","50.1","12","+2.59","26Q1","0.88","4.73","5.02","6","5.99","","49.6","13.5","15.4","20.1","精密金屬加工"
"4584","君帆","39.9","13.3","-24.2","26Q1","0.91","3.43","3.6","3.28","5.01","","45.3","9.92","11.1","9.99","液壓元件氣壓元件液壓與電控系統整合、協作機械手自動化系統整合"
"4736","泰博","123.5","6.76","+0.96","26Q1","2.99","15.12","12.15","10.67","4.05","+4.09","23.8","14.9","12.8","10.9","醫療器材設備製造"
"4754","國碳科","36.85","13.8","-4.7","26Q1","0.95","2.87","2.63","2.25","6.24","+82.7","43.7","16.7","16.1","14.9","其他化學材料製造業,工業助劑製造業,其他化學製品製造業,耐火材料製造業消防安全設備安裝工程業,塗料,油漆,染料及顏料製造業,"
"4763","材料*-KY","49.5","9.56","-34","26Q1","1.13","6.1","84.36","62.52","6.16","+361","6.15","33.2","62.8","74.7","二醋酸纖維絲束研發、製造與銷售"
"4907","富宇","40.8","11.1","+263","26Q1","2.76","1.23","6","2.24","3.68","+281","67.3","5.78","31.4","13.8","委託營造廠商興建商業大樓及國民住宅出租、出售業務。有關建材、裝潢材料及建設機械之買賣及進出口業務等"
"4915","致伸","66.9","12.4","+9.86","26Q1","1.3","5.71","5.61","5.5","6.83","+14.8","58.7","13","14","14.1","電子零組件之設計開發、製造與銷售非電腦週邊產品之設計開發、製造與銷售"
"4933","友輝","67.1","12.5","-4.2","26Q1","1.9","5.77","7.07","4.22","4.32","-26.2","25.8","12.7","16.2","10.2","LCD背光模組零組件-聚光片"
"4953","緯軟","124.5","13.4","+29.7","26Q1","2.32","8.45","6.25","8.49","4.13","-87.3","34.8","15.5","12.4","18.6","軟體外包服務"
"4967","十銓","256","6.55","+77.3","26Q1","27","13.06","6.8","3.38","3.91","-376","67.6","25.1","17","11.1","電子零組件製造業電腦及其週邊設備之買賣業務一般電子材料,電子產品之買賣業務"
"5212","凌網","47.45","9.8","+9.87","26Q1","0.54","4.74","3.84","3.36","8.85","+55.3","60.6","26.1","22.9","22.8","專案軟體服務圖書館軟體及電子書銷售服務金融軟體服務"
"5225","東科-KY","73.8","8","-8.58","26Q1","1.54","10.26","12.68","8.02","9.77","-3.54","53.9","22.4","29.5","20.9","揚聲器系統及耳機之製造及銷售高階/智慧型揚聲器及影音電子家庭娛樂系統之設計、製造及銷售系統架構/新產品概念/創新產品及聲學技術之研發"
"5283","禾聯碩","53.2","8.78","-1.99","26Q1","0.16","5.63","6.4","7.78","0.75","+32.2","41.6","10.8","10.9","13.5","電子零組件製造業、電器批發業及其他等相關產業"
"5287","數字","153.5","10.9","-1.14","26Q1","2.97","13.93","12.67","12.74","3.42","+12.5","47.7","34.2","34.6","35.8","網路媒合平台"
"5306","桂盟","85.2","13.4","+4.3","26Q1","1.79","7.66","7.27","5.89","3.45","+51.5","35.1","11.2","11.5","9.78","自行車鏈條及機車鏈條、鏈輪之製造與銷售"
"5314","世紀*","65","12.6","+161","26Q1","0.37","5.56","18.25","2.11","0.31","-7.53","42.9","101","84.6","20.2","保健食品批發、零售。無店面零售業。"
"5403","中菲","94","11.9","-5.16","26Q1","1.42","8.57","8.44","8.37","6.91","+8.16","51.8","23.2","24.4","26.1","各種電腦軟體之設計開發及銷售業務各種電腦硬體設備之代理及銷售業務各種電腦資料之處理服務"
"5478","智冠","103","11.7","+15.6","26Q1","2.39","7.93","7.75","7.09","7.28","-40.7","55.4","12","12.9","11.1","遊戲軟體之發行.買賣遊戲軟體雜誌.圖書之發行及買賣"
"5511","德昌","80.4","6.68","+18.9","26Q1","2.54","10.64","7.52","10.14","4.48","-52.3","54.8","18","13.6","20.7","建築及土木工程"
"5515","建國","40.4","6.74","+28.2","26Q1","1.96","4.48","2.91","1.34","8.17","-192","50.6","17.7","13.9","7.06","設計.監修承造各種大小工程買賣建築材料"
"5519","隆大","34.5","6.96","-2.52","26Q1","0.58","4.96","3.9","3.69","9.57","-53","60.4","18.1","15.3","15.4","住宅、大樓及工業廠房開發租售業營造業、投資興建公共建設業不動產租賃業"
"5520","力泰","82.5","8.22","-4.34","26Q1","2.48","9.97","8.98","7.81","8.48","+14.3","37.3","20.2","20.7","20.3","預拌混凝土"
"5547","久舜","23.05","9","+9.47","26Q1","0.37","3.06","2.53","1.57","2.95","","60.9","19","14.8","10.4","房屋建築工程之營造承攬廠辦工程之營造承攬前項產品之工程顧問服務"
"5548","安倉","23.55","11.5","+11","26Q1","0.42","2.03","2.55","2.37","4.25","","50.4","10.3","12.6","16.7","承攬公共工程"
"5609","中菲行","77.2","9.64","+10.7","26Q1","1.66","8","6.78","7.24","7.25","-35.9","41.1","17.7","15.7","16.9","航空貨運承攬及海運承攬運送業務之經營、進出口貨物之報關業務。倉儲業務之經營、理貨包裝業務之經營。前項有關業務之經營及投資。"
"5706","鳳凰","46.85","13.2","-6.52","26Q1","0.62","3.39","3.75","2.44","9.69","+58.6","41.5","15.3","18.6","13.3","接受客戶委託代辦國內外觀光旅遊安排食宿及相關服務等"
"5864","致和證","46.15","6.56","+2,480","26Q1","3.4","2.56","1.98","3.18","1.08","+187","34.2","15.1","10.7","17.6","經紀自營承銷"
"5878","台名","39.3","13.3","+1.02","26Q1","0.43","2.86","2.22","2.2","6.11","+9.54","38.1","13.3","10.2","10.2","人身保險經紀人財產保險經紀人"
"6026","福邦證","15.75","9.21","+147","26Q1","0.07","1.72","1.11","1.61","8.66","-66.2","61","11.5","7.67","12.1","在集中交易市場及營業處所受託買賣有價證券在集中交易市場及營業處所自行買賣有價證券承銷有價證券"
"6028","公勝保經","78.7","10.9","+23.2","26Q1","2.48","7.86","11.94","5.96","7.62","","59.1","26.9","42.6","26.1","人身保險經紀人財產保險經紀人"
"6122","擎邦","52","11.1","-11.5","26Q1","1.03","4.78","4.41","5.25","6.54","-166","63.6","19.7","20","27.1","石化及化工工程捷運、發電廠、空調機電系統及公共工程其他"
"6170","統振","52.2","11.3","-0.7","26Q1","1.09","4.49","3.39","2.74","7.66","+40.6","63.6","21.3","16.9","15.2","電信預付卡代理行銷線上遊戲代理行銷遊戲及網路服務平台之研究開發與營運"
"6171","大城地產","23.7","5.92","+675","26Q1","0.08","3.82","5.73","2.48","8.44","+1118","47.5","15.5","26.1","13","住宅及大樓開發租售業。"
"6176","瑞儀","87.5","9.33","-4.03","26Q1","2.29","9.4","15.63","11.35","4","-17.5","50","11.8","20.1","15.5","CC01080電子零組件製造業CQ01010模具製造業CC01040照明設備製造業"
"6186","新潤","43.1","5.36","-25.2","26Q1","2.09","7.81","5.63","2.97","11.6","+98.1","63.7","33.8","27.5","14.2","住宅及大樓開發租售業、不動產買賣業、不動產租賃業。"
"6192","巨路","119.5","12.2","+3.69","26Q1","2.63","10.06","10.48","8.17","4.85","-9.06","42.6","13.3","14.9","12.5","程控儀器買賣及程控系統整合工程提供電子及通信元件之經銷代理"
"6203","海韻電","67.5","13.3","-26.9","26Q1","1.37","5.51","3.5","7.58","5.93","-43.8","15.5","15","9.62","21.6","交換式電源供應器(Switching Power Supplies,SPS)之生產與銷售"
"6214","精誠","132","13.8","+27.6","26Q1","2.64","7.91","7.66","6.02","4.55","-24.3","47.4","12.4","12.3","10.7","資訊軟體服務業、電子資訊供應服務業資料處理服務業、電腦及事務性機器設備零售業資訊軟體零售業"
"6248","沛波","18.25","13.6","-25.6","26Q1","0.28","1.53","3.07","4.02","6.43","+114","45.5","6.45","12.1","20.4","鋼材二次加工業、建材批發業、建材零售業"
"6266","泰詠","25.45","13.9","-6.13","26Q1","0.39","2","2.62","2.15","6.99","+87","34.5","12.1","15.8","13.3","電子產品、通信器材之設計及生產製造(含加工設計及製造)電子元件、半成品及成品之進出口業務電子產品之設計及生產製造技術諮詢"
"6279","胡連","119","12.7","+2.32","26Q1","1.6","10.74","12.79","9.24","4.62","+3.12","40.4","15.4","19.4","15.9","電子零件(端子)五金機械配件等製造加工及買賣(模具端子壓著機)塑膠件模具製造,電子零組件製造業(端子)及電子材料,模具批發零售"
"6294","智基","27.5","10.6","-13.8","26Q1","-0.07","2.78","1.79","9.46","10.9","+2262","63.7","12.4","6.66","31.8","短期補習班業"
"6527","明達醫","72.1","12.7","-15.2","26Q1","1.33","5.8","5.02","4.13","4.02","+21.7","25.8","14.9","14.2","12.7","醫療相關儀器之設計、製造及銷售"
"6532","瑞耘","91.8","13.3","-0.81","26Q1","0.84","7.31","4.03","3.59","3.27","+23.1","23.5","23.2","14.2","13.6","半導體零組件系統設備"
"6556","勝品","71.4","11","+13.2","26Q1","1.72","6.79","8.85","6.17","4.9","-36.2","28.6","12.4","17.9","13.6","電腦及週邊設備軟硬體、電器及視聽電子產品製造及銷售有線無線通信機械器材製造及銷售電子零組件、電子材料製造及銷售"
"6574","霈方","114.5","13","+30.9","26Q1","3.29","6.82","4.1","2.12","2.62","+17.8","25.7","19.2","13.8","7.3","美容美體保養相關產品之研發及銷售及諮詢服務除許可業務外，得經營法令非禁止或限制之業務"
"6577","勁豐","74.4","12.6","+0.29","26Q1","1.67","5.64","6.63","7.11","6.72","+1.34","33.6","22.2","29","23.7","醫療及特殊應用嵌入式顯示器模組"
"6590","普鴻","66","12.7","+7.88","26Q1","0.84","5.12","5.04","6.08","4.24","+150","37","17.7","15.3","20.6","資訊軟體服務電子資訊供應服務"
"6596","寬宏藝術","92.2","5.4","+91.7","26Q1","2.08","18.83","6.27","5.94","20.3","+1328","61.9","49.7","20.3","26.2","國內外演唱會、展覽、藝文活動主辦及執行國內外演唱會、展覽、藝文活動製作國內外演唱會、展覽、藝文活動票券銷售"
"6605","帝寶","133","9.98","-4.79","26Q1","4.41","13.97","18.98","14.29","4.89","-6.21","36.9","11.6","17","14","汽車車燈汽車百貨零件"
"6625","必應","79.2","7.86","+37.2","26Q1","1.42","9.13","5.84","6.68","6.31","-55.6","49.3","35.4","30.6","40.9","演唱會製作硬體設備租賃"
"6637","醫影","62.7","9.32","-60.3","26Q1","1.01","7.17","7.17","5.66","7.18","","37.5","18.4","22.7","22.8","醫療設備經銷醫院設備租賃、設備維修醫藥品銷售"
"6670","復盛應用","254.5","12.4","+10.3","26Q1","6.96","22.45","28.17","18.18","6.29","+16.5","33.7","19.5","27.9","20.2","高爾夫球桿頭等各項金屬製品之製造加工裝配買賣業務高爾夫球具(桿、握把、頭)之裝配及買賣業務"
"6671","三能-KY","24.8","10.8","-13.2","26Q1","0.26","2.37","3.18","2.89","4.84","","21","8.36","11.2","10.5","各式烘焙器具之研發、製造與銷售"
"6697","東捷資訊","41","13.9","+4.54","26Q1","0.79","3.04","2.61","2.71","6.34","","41.2","13.6","12.1","13","ERP專業顧問服務系統開發、資安、雲端導入顧問服務資料處理與輸出服務、客服委外服務"
"6703","軒郁","119.5","11.7","+13.5","26Q1","1.87","9.9","10.16","14.66","4.02","","49.3","24.2","21.8","34.2","美妝保養品及生技保健之研發與銷售除許可業務外，得經營法令非禁止或限制之業務"
"6721","信實","55.1","11.6","+6.61","26Q1","1.48","4.65","4.39","3.33","5.99","","41.6","16.3","16.4","13.1","保全業公寓大廈管理服務業建築物清潔服務業"
"6722","輝創","34.25","13.8","-6.1","26Q1","0.34","2.9","2.6","4.67","5.84","","45.5","10.7","10.1","20.5","倒車雷達、攝影鏡頭、汽車防盜器等"
"6728","上洋","110","12.1","-2.03","26Q1","1.97","9.77","11.71","10.28","5.91","","58.6","14.8","20.5","23.4","商用洗衣服務家電空調銷售其　　他"
"6737","秀育","30.1","10.3","-23.6","25Q4","2.93","2.93","7.36","3.67","5.32","","41.3","9.89","26","14.3","各類電子零件電腦周邊設備製造與進出口貿易業務其他"
"6741","91APP*-KY","60.9","13.8","+31.6","26Q1","1.15","4.4","4.22","3.37","3.37","","39.3","15.8","16.4","15","新零售軟體開發暨服務數據 x 電商服務"
"6750","泰創工程","65.8","13","-26.2","25Q4","5.05","5.05","3.61","1.63","5.32","","67.2","21.8","18.2","13.5","一般機電整合工程無塵室機電整合工程太陽能電廠系統整合工程服務"
"6752","叡揚","101","13.5","+4.24","26Q1","1.39","7.41","6.14","6.14","4.46","","53.9","20.5","18.4","19.7","資訊軟體服務銷售"
"6763","綠界科技*","46.35","11.2","+12.5","26Q1","0.55","4.21","1.94","21.66","6.47","","60","25.7","12.6","14.9","第三方支付業務"
"6771","平和環保-創","38.75","13","-14.7","26Q1","0.69","3.64","3.89","4.76","8.26","","34.7","12.8","14.5","18.8","廢污水代處理--"
"6782","視陽","199.5","13.5","+19.3","26Q1","3.82","14.08","10.1","4.79","4.21","","32.7","21.7","19.1","9.67","拋棄式隱形眼鏡製造及銷售"
"6790","永豐實","40.6","13.2","-0.51","26Q1","0.83","3.03","2.78","3.62","6.53","","43.5","14","13.1","17.6","紙品清潔用品"
"6807","峰源-KY","33.2","9.65","-27.4","26Q1","0.63","4.69","8.88","4.41","7.53","","29.5","9.77","20.5","11.7","室內家具研發設計生產銷售其他"
"6817","溫士頓","59.3","9.31","-17.3","25Q4","6.37","6.37","7.15","8.62","8.43","","45.2","27.1","30.3","40.2","學名藥及代工"
"6846","綠茵","64.8","13.3","-13.6","26Q1","1.15","5.39","5.43","5.04","6.09","","60.8","15.9","17.7","19.2","保健食品及原料之研發、製造、銷售。"
"6881","潤德","230","11.1","+4.27","26Q1","5.23","19.42","15.52","10.97","8.04","","56.5","32.4","32.4","31.2","室內裝潢之設計及施工、庭園綠化設計展市會場和博覽會場之設計與佈置傢俱之銷售、組裝及進出口等業務"
"6951","青新-創","78.9","13.7","+22.5","26Q1","1.49","5.39","4.87","2.61","5.07","","38.9","22.3","24.3","16.5","醫療及事業廢棄物清運廢水處理青新木銷售"
"7708","全家餐飲","94.2","13.8","+12.7","26Q1","1.92","6.46","5.39","4.31","5.84","","51.3","16.3","15.5","16.1","餐飲服務業"
"7718","友鋮","46.9","11","+1.66","26Q1","1.5","3.75","6.08","5.72","5.33","","22.5","11.8","19.8","19.8","螺絲、螺帽、螺絲釘、及鉚釘等製品製造業。汽、機車零件配備批發業。機械批發業。"
"7753","星亞","42.2","10.2","-4.32","26Q1","1.08","4.22","3.56","3","3.55","","38.4","22.1","24.2","22","數位顯示系統視覺燈光系統以上各項目及其系統產品之研發設計製造銷售及售後服務"
"7757","金色三麥","94.8","11.2","+3.87","26Q1","1.64","8.97","10.01","10.54","8.18","","51.1","20.5","26.8","32","精釀啤酒釀造餐廳經營各式飲品銷售"
"7764","聖州","12.25","11.9","-6.44","25Q4","1.03","1.03","2.03","5.57","4.08","","41","4.23","9.09","18.6","各種汽車零配件及模具製造及批發買賣"
"7786","東方風能","123","12.5","+47.7","26Q1","1.2","11.11","7.94","7.07","4.55","","39.4","23.5","27.6","34.6","船舶租賃、離岸風電工程管理、離岸風場長期運維等海事工程服務"
"7791","皇家可口","61.9","13.5","-9.11","26Q1","1.87","5.61","5.34","3.66","6.16","","13.3","11.9","11.6","11.4","冰品急凍熟麵"
"8034","榮群","21.85","10.9","-30","26Q1","0.01","1.42","1","1.51","5.49","-119","12.6","11.4","8.44","13","有線通信機械器材製造業無線通信機械器材製造業通信工程業"
"8114","振樺電","190","12.6","-33.2","26Q1","2.75","18.5","12.55","5.55","6.04","+6.27","29.6","31.4","27.2","11.5","端點銷售管理系統(POS)及其週邊設備和服務資訊服務系統整體解決方案"
"8183","精星","35.05","13.6","+17.4","26Q1","0.3","2.39","3.26","4.5","2.28","-231","56.6","8","11.5","17.3","CC01080電子零組件製造業。CC01050資料儲存及處理設備製造業。一般進出口貿易 (許可業務除外)。"
"8271","宇瞻","192.5","9.38","+264","26Q1","14.54","6.7","2.18","4.51","2.31","-53.5","58.4","18","6.43","13.8","記憶體模組快閃記憶體其他"
"8279","生展","88.3","9.82","-10.1","26Q1","1.23","10.02","8.86","10.14","5.66","+92.5","25.8","11.8","11","13.3","微生物醫藥原料藥製造、銷售、買賣業生化營養品製造、銷售、買賣業預防醫學、動物保健銷售、買賣業"
"8359","錢櫃","67.9","12.3","-6.33","25Q4","5.54","5.54","8.86","9.52","7.43","+82.4","27","7.71","12","13.2","視聽歌唱餐飲"
"8390","金益鼎","107","13","+38.2","26Q1","2.87","6.6","4.84","5.57","3.55","-336","23.5","18","14.9","18.9","廢棄物清除處理業務及貴金屬回收及處理業務。銅、錫、鎳、鋁之金屬五金加工業務。機械五金、電子零件、塑膠廢料、....等之報廢材料買賣業務。"
"8401","白紗科","22.95","8.56","+4.85","26Q1","0.46","2.63","2.59","1.81","5.23","-55.1","43.1","15.9","16","10.8","包裝盒、標籤印刷產品之製造加工買賣。名片、海報、書冊、信封等紙製品印刷之製造加工買賣。桌月曆、手提袋及前各項有關之進出口貿易業務。"
"8410","森田","33.1","12.1","-23.4","26Q1","0.57","3.27","7.54","5.33","4.83","-103","16.7","6.44","15.7","12.3","印刷業製版業電腦及其週邊設備製造業"
"8415","大國鋼","34.45","10.3","+15.4","26Q1","1.03","3.05","2.22","3.04","4.35","-50.6","33.6","11","8.2","11.7","扣件買賣"
"8416","實威","169","12.1","+8.5","26Q1","3.36","13.46","11.01","10.23","5.03","+12.1","16.6","23.9","21.1","20.7","3D 繪圖軟體 ( SOLIDWORKS)3D CAD/CAM/CAE/CAID軟體銷售PDM產品研發生產及銷售, 顧問輔導與客製化服務"
"8424","惠普","69","11.8","-1.54","26Q1","1.47","5.8","4.61","4.24","7.25","-6.46","14.6","18.3","15","13.9","矽酸鈣板、纖維水泥板製造及銷售"
"8426","紅木-KY","20.3","9.81","+5.51","26Q1","-0.42","1.85","5.03","6.55","3.94","-19.8","47.3","7.26","21.4","35.5","全球性高級精品名牌店之裝潢客製化傢俱之製造銷售"
"8436","大江","113","12","+2.76","26Q1","1.92","8.68","7.6","7.73","5.31","+56.2","33.8","11.9","10.1","9.94","保健食品及保養品之研發、製造及銷售"
"8446","華研","87.5","9.99","+24.3","26Q1","1.78","10.3","11.44","8.23","9.14","+17.2","35.4","25.1","30.8","25.1","流行音樂之製作及發行著作權授權藝人演藝經紀"
"8478","東哥遊艇","154","9.38","-15","26Q1","3.8","13.25","10.37","23.66","4.22","+394","37","14.1","13","39.5","豪華遊艇及其零配件製造及銷售。"
"8481","政伸","41.7","13.6","-3.25","26Q1","0.77","3.25","3.01","1.88","6.59","-0.59","18.1","12.6","12.2","7.56","自行車及零配件貼標產品及銷售運動器材貼標產品及銷售其他各項網版印刷產品及銷售"
"8487","愛爾達-創","78","13.9","+30.8","26Q1","2.58","4.03","6.85","5.98","6.16","+40.1","46.2","15.6","29","31.9","數位內容廣告託播代理專案及其他"
"8924","大田","60.5","12.6","+15.6","26Q1","0.05","5.63","5.66","4.85","7.11","-12.4","31.9","11.3","11.8","9.74","高爾夫球桿頭及其半成品之製造、委託加工、裝配及銷售藝術鑄品(不銹鋼質及銅質)之製造加工及銷售前述各項有關產品之進出口貿易業務"
"8930","青鋼","28.3","11.8","-5.79","26Q1","0.62","2.4","3.01","3.12","7.77","-215","35.6","13","16.2","18.1","輕鋼架.防火門之製造,買賣業務經營有關進出口業務各種機械之製造及買賣業務"
"8936","國統","58.6","13.6","+19.8","26Q1","0.99","4.08","3.37","2.88","5.12","-65","38.1","13.1","11.8","11.3","預力混凝土管及各種水泥製品、預拌混凝土製造買賣前項有關水泥製品之自來水管承裝業務有關自來水管之零件,鋼管包覆及另件包覆等製造買賣及承裝業務"
"9802","鈺齊-KY","72.8","12.8","-3.32","26Q1","0.89","6.05","7.23","7.87","7.01","-70.2","38.7","8.69","10.4","14","運動鞋及戶外鞋之代工生產、銷售"
"9911","櫻花","84.1","13.1","+6.21","26Q1","1.87","6.27","5.94","4.9","5.95","-4.09","44.5","20.2","20.5","18.2","除油煙機.瓦斯爐.熱水器.系統廚具"
"9927","泰銘","68.6","14","+10.6","26Q1","1.12","4.26","6.29","5.94","7.29","-32.5","22.6","10.7","16.3","16","鉛錠、鉛合金錠、紅丹粉、黃丹粉、氧化鉛等製造加工買賣前各項有關國內外產品代理經銷報價、投標業務及進出口貿易業務一般及事業廢棄物清除、回收處理業務"
"9930","中聯資源","65.3","13.8","-6.53","26Q1","1.1","4.96","4.66","3.38","6.13","-12.6","38.1","18.6","18.3","13.8","爐石資源化應用有關產品之製造、加工、代工生產及買賣。高爐石粉末之製造、加工、代工生產、買賣及進出口。高爐水泥混拌、 製造、加工、代工生產、買賣及進出口。"
"9939","宏全","118","13.1","+1.56","26Q1","2.25","9.1","9.8","8.6","5.25","-1.79","59.4","13.8","16.1","16","塑蓋、鋁蓋、爪蓋、標籤、PET瓶、瓶胚飲料充填代工業務"
"9943","好樂迪","57.1","10.7","-7.07","26Q1","1.88","5.4","7.74","8.81","6.13","+54.3","36.3","11.5","16.2","19.1","提供伴唱視聽供人唱歌"
"9945","潤泰新","26.65","7.24","+43.5","26Q1","0.99","3.93","6.07","2.65","4.13","+21.8","41.2","11.9","18.6","9.61","委託營造廠興建國民住宅．商業大樓出租出售業務辦理國內外工業區及區內之社區廠房及大樓之開發規劃及租售從事商品之處理．包裝．分類．倉儲及前各項產品之加工批發業務"
"9951","皇田","53.5","10.7","+10.7","26Q1","1.46","5.27","4.2","5.77","6.02","+12.4","38.9","10.4","8.64","12.4","汽窗窗簾割草機"
